Ref,Location,Description,CDate,UDate,CName,UName
1,"Vicarage","Built in 1974 bungalow. Garage, sitting room, log fire,an aga, 4 bedrooms. The Vicarage is converted into a surgery by Richard Locke and opened in January '98.
Converted back into a Vicarage in September 2003","02/10/99 00:00:00","05/20/09 14:29:28","DataEase","fishec50"
2,"Home Farm","Was originally Ambridge Court. Bellamy had it coverted into flats. Aldridge re-converted it when he bought the 1500 acres.(15.10.75) 3 farm cottages; the house is principally early eighteenth century. Open air swimming pool

 A field up the Penny Hassett road is 118 acres. Farm in '97 1600 acres:
Long Field is down by Long Wood other field names: 
White Acre
Long meadow
Broad bank
Broadfield
Top field
Oak Bank
High Copse
Lyttleton Covert has pylons in it. Past Ambridge Hall turn left
Lakefield
soils at Home farm and the Estate are quite heavy, with parts that are heavy clay.

Two Farm workers","02/10/99 00:00:00","06/14/13 11:28:53","DataEase","fishec50"
4,"Borchester","Market town 5miles from Ambridge..10miles to Felpersham. Clock-tower in the market place where they used to sell cattle.Friday is market day. By pass to ease traffic flow.Take away Balti.Covered market with stall All Saints Church.Canal St.Radio Borsetshire local radio. A Common","02/10/99 00:00:00","03/22/00 15:54:50","DataEase","fishec50"
5,"The Bull","15th Century.  There is a country lane opposite, and a mile along it is Brookfield Farm. Function room upstairs. There is a woodburning stove. Car park. Free House. Black and White. Little kitchen upstairs. Door from the restaurant to the bar. Conker trees close. Dogs allowed. 4 bedrooms","02/10/99 00:00:00","11/06/13 12:35:11","DataEase","fishec50"
6,"Borchester General Hospital",,"02/10/99 00:00:00","02/03/03 12:07:51","DataEase","fishec50"
8,"Brookfield Farm","1992: Dairy herd 115 Friesians. They rear their own replacements. Sheep flock of 300 mules which are put to a Suffolk tup. They lamb at the end of February 
465 Acres owner occupied farm. Field names; Blacklands, Marney's, Round Robin, Wormitt, the Grove, Trefoil, Midsummer Meadow, The Croft, Skipperley, Lower Parks, Upper Parks, Long Field, Cuckoo Covert, Ashfield, Coombebell, Oakey Bank, Lakey Hill, Lakey Meadow, Burntland, Badger's Bank, Little Field. B&B comments book in Hall. Their cows do not have names only numbers. Old brick and timber house dating back to 16th century. 
Workshop","02/10/99 00:00:00","07/08/11 16:20:27","DataEase","fishec50"
9,"Bridge Farm","Silage Clamps 140 acres tenanted at a rent of £50 an acre. Tony also rents 10 acres of accommodation land in the village and a further 22 acres 3-4 miles away. After the herd was sold in 2013 they no longer rent any extra land


Late Victorian red brick farm house, part of the Berrow Estate. 4 beds Kitchen with fitted pine units, Dairy & exshop  pack house.
Backdoor opens into kitchen. Small barn to the left of the farmhouse","02/10/99 00:00:00","07/19/13 14:45:59","DataEase","fishec50"
11,"Stables","There is a big step when you go out of the back door. 
Large farmhouse - family home. Isolated from the road. 
Stable block, with a flat above, out buildings and an indoor riding school. Tack room where the -horse mad girls hang out.  Some of the outbuildings have been converted into the Veterinary Surgery with car park. Not much land with the stables however it is surrounded by Brookfield farm land.","02/10/99 00:00:00","04/02/09 12:08:54","DataEase","fishec50"
14,"Flat/Borchester",,"02/10/99 00:00:00","02/10/99 00:00:00","DataEase","DataEase"
15,"Loxley Barratt","3 and a half miles from Ambridge. There is a firm at Loxley Barrett who make good pens. Loxley Barratt primary school - assumed in 2008 to have 200 - 250 children","02/10/99 00:00:00","06/18/08 12:43:53","DataEase","fishec50"
16,"Glebelands","The Fletchers live in Glebelands","02/10/99 00:00:00","09/11/01 12:02:40","DataEase","fishec50"
17,"Low Cost Housing","Building starts October 1991. Ready early 1991. Parish Council taking applications. Jack Woolley put up the land - not the money. EP 10378. 4 Houses : 1 (2 beds) for rent; 1 (2 beds) for sale; 2 (3 beds) for sale; 2 (2 bed) bungalows.","02/10/99 00:00:00","02/10/99 00:00:00","DataEase","DataEase"
19,"The Lodge","Was built as The Lodge for Arkwright Hall. Close to Grey Gables. There is a stained glass window in the hallway. It is very light. Could have a lovely view of Arkwright Lake. Oak kitchen with glass-fronted cupboards and built in hob. Black and White timbered building. Small front gate. There is an open fire There is a conservatory at The Lodge and a bird table. Study.
2008 summerhouse. There is a hatch from the kitchen through to the breakfast - diningroom.","02/10/99 00:00:00","11/14/13 09:47:26","DataEase","fishec50"
21,"Rickyard Cottage","One of the red brick outbuildings at Brookfield. Renovated /rebuilt in 1954.  It was traditionally the home of the farm worker. Very small, said that there is not enough room to swing a cat in. In 1992 Jill turned it into a holiday cottage. Down stairs there is a sitting room and a small kitchen. Upstairs two bedrooms. There must be a bathroom but we don’t know where. No hallway, the stairs are through a door in the sitting room.
No garden","02/10/99 00:00:00","04/01/09 12:43:51","DataEase","fishec50"
22,"Keeper's Cottage","Has a hedge. -A pair of semi-detached  cottages built in 1960 by Charles Grenville. Opposite Ambridge Hall close to Home and Willow Farms. Were owned by the Estate and now by Jack Woolley. Tom and Pru were the first people to live in Keeper’s Cottage. 
Two Bedrooms (after her illness Pru was unable to manage the stairs). 
Both cottages have a small hall, living room (to one side of the hall), and kitchen at the end of the hall the staircase is visible from the front door. Both have neat, well kept gardens. There is a porch at April Cottage is the mirror of  Keeper’s.
Tom and Pru / Len and Mary Thomas move into the new cottages on 12.5.1960.
 Address: Keeper's Cottage, Felpersham Road, Ambridge. (2004)","02/10/99 00:00:00","08/07/13 16:29:52","DataEase","fishec50"
24,"Woodbine Cottage","Small cottage next door to the Bull. Bathroom upstairs at the back of the house.  In the garden is both a garden shed and a greenhouse","02/10/99 00:00:00","06/29/99 11:33:06","DataEase","fishec50"
25,"Wheathead",,"02/10/99 00:00:00","02/10/99 00:00:00","DataEase","DataEase"
26,"Honeysuckle Cottage","Thatch roof. Pine staircase. Whitewashed walls. Sitting room, dining room, kitchen,  Open fire. Black and white thatched cottage very pretty.Used in a postcard for Ambridge.  When Walter was living in it fall into disrepair, since then it has had : New roof, new staircase (pine), and a new gable end. New thatch in 1977.  Downstairs is a sitting room with large open fire, dining room and kitchen. Upstairs; two bedrooms and bathroom. 
In the, what used to be, a well maintained back garden, there is a large old shed and a disused well.  In spring there is a perfusion of Primroses in both gardens.  Straddle stone (stone mushroom) at front of cottage.
When the Hathaway's moved in in April 1999. They built an extension out the back  - that enlarged the kitchen and gave space for a small office and a downstairs loo. Upstairs the second bedroom became a nursery (repainted after the miscarriage) and improved the bathroom. (And Jason removed the Honeysuckle after which the cottage had been named). Hallway from front door with reception room on either side. You can see the back garden from the road","02/10/99 00:00:00","01/26/10 12:00:59","DataEase","fishec50"
29,"Borchester Solicitors","Has a shop front onto the street. Marks office used to be called Hebden and Gupta. Has now become Usha's Borchester office.","02/10/99 00:00:00","02/10/99 00:00:00","DataEase","DataEase"
30,"Bull Farm","35 acres of the land became part of Brookfield in 1974","02/10/99 00:00:00","06/11/99 12:27:03","DataEase","fishec50"
31,"Glebe Cottage","central heating -Built in 1840s, very small, next door to church, Phil and Jill Archer moved in in 2001. Very pretty, two bedrooms, living room, kitchen, small hall,  conservatory. In 1986 Mark and Shula renovated - put in central heating etc. They were going to replace the thatching but bats were found in the roof and the process was delayed, (we did not hear on air if they got round to it after the bats had left). Small walled garden with lawn & patio (2012). Letty Lawson-Hope left Glebe Cottage to Doris for her lifetime along with 4 acres of land in 1958.  Later Dan brought the freehold. Dan and Doris spent their retirement there.  It was in Glebe Cottage that Doris died.","02/10/99 00:00:00","02/17/12 15:04:47","DataEase","fishec50"
32,"Little Croxley","They have a cricket team","02/10/99 00:00:00","06/16/99 14:04:55","DataEase","fishec50"
33,"Paradis Farm, Edgley",,"02/10/99 00:00:00","06/11/99 12:38:45","DataEase","fishec50"
34,"Felpersham","There is a car park at the market. Monday is market day.Hungarian Restaurant. Car Auctions. Grand restaurant; La Strada. Health Food shop ""Benson's"". Offices of Jefferson Crabtree. Job Centre. Main Post 17 miles from Ambridge. Paper The Felpersham Post.Football ground. Ayleton Road, which was a bit dodgy in 2004 Croft road,","02/10/99 00:00:00","09/27/04 15:52:21","DataEase","fishec50"
42,"Home Farm Cottages","Comfy chairs. Kate's cottage is isolated. Washing machine in kitchen.

From 2010 - two of the cottages are together and one is separated.
Names: The Nest, The Hobbit","02/10/99 00:00:00","02/18/10 11:18:32","DataEase","fishec50"
43,"Flat Above The Wine Bar",,"02/10/99 00:00:00","02/10/99 00:00:00","DataEase","DataEase"
46,"Borsetshire",,"02/10/99 00:00:00","02/10/99 00:00:00","DataEase","DataEase"
48,"Lower Loxley","The area behind the rare breeds in the lee of the copes is South facing and used for the vineyard,it is only a couple of acres.","02/10/99 00:00:00","05/14/13 14:32:12","DataEase","fishec50"
49,"Dower House","Quite a large house. Slate roof, large garden with lawns and stables, good views. Dining room, sitting room, study with computer and fax, polished floors in the kitchen and the hall. Phone in the kitchen, new front door bell. Several bedrooms. Self contained flat  	

The view from the sitting room window is wonderful. They have their own stables.  The dining room is north west facing.

From the village go out on the Hollerton Road and it's the big house on the left, about half a mile down.","02/10/99 00:00:00","09/28/09 14:22:49","DataEase","fishec50"
50,"Manorfield Close","12 Old People's bungalows on the edge of the green: Old people’s bungalows opposite the village hall.  The warden lives at number 12, Mr. Pullen at number 7, Mrs. Potter at number 10.","02/10/99 00:00:00","04/03/08 17:18:05","DataEase","fishec50"
51,"8 The Green","From Sharon's bedroom window she can see the church clock.
2 bed","02/10/99 00:00:00","11/18/11 11:55:08","DataEase","fishec50"
52,"Layton Cross","Market Day is Wednesday","02/10/99 00:00:00","03/09/01 16:12:49","DataEase","fishec50"
53,"Ambridge Hall","The conservatory is triple glazed. The lawn slopes down to the river You can see the business unit's car park from the bathroom window. Six bedrooms. (as they now have a study it could be 5 bed) Hallway from the front door, large and dark & panelled. The backdoor leads into the kitchen and Lynda uses it when she has been in the garden - or is too wet/muddy to use the front door. You can also get into the house via the conservatory.  

Ambridge Hall, Penny Hassett Road, Ambridge.

In 1994 Lynda installed a Low Allergen garden with and water feature and small kitchen garden (possibly incorporated in the low allergen area).  In 2003 this was it was refurbish. To extend the life of the house into the garden - she installed solar power lights around the water feature, and included a Shakespearean theme, using flowers mentioned by","02/10/99 00:00:00","04/26/12 17:11:37","DataEase","fishec50"
55,"Penny Hassett","Pub- known as ""The Crown"" called ""The Crown and Cushion"". Farmer Bob Henries has cattle  2 miles from Ambridge. Village Hall which can be hired for functions. Church St. Saviours. Small private girls school for children up to 11 years.","02/10/99 00:00:00","06/16/99 15:29:02","DataEase","fishec50"
56,"Waterley Cross","12.7.94 the shop closed. There is a pub called The Oak Tree where they have a great DJ. Millgate Farm.   5 miles from Ambridge","02/10/99 00:00:00","02/10/99 00:00:00","DataEase","DataEase"
58,"Willow Farm","In 2009 the house is divided into Willow Farm house and Willow Cottage so that Roy, Hayley and the children have a place of their own. Mike's half is called Willow Cottage.","02/10/99 00:00:00","03/26/09 16:52:40","DataEase","fishec50"
60,"4 Barn Conversions",,"02/10/99 00:00:00","02/10/99 00:00:00","DataEase","DataEase"
61,"Bluebell Cottage",,"02/10/99 00:00:00","02/10/99 00:00:00","DataEase","DataEase"
67,"Barratt Farm","Formerly Sixpenny Farm.  1961 - Barratt's Farm (dairy) and Allards Farm were amalgamated with Brookfield to make up Ambridge Dairy Farmers.","02/10/99 00:00:00","06/11/99 12:09:36","DataEase","fishec50"
68,"Hillside Cottage",,"02/10/99 00:00:00","02/10/99 00:00:00","DataEase","DataEase"
69,"Amos Atkin's Farm","After Amos's death, Dan buys the farm. Len and Mary Thomas live in the farmhouse.","02/10/99 00:00:00","06/11/99 12:02:34","DataEase","fishec50"
70,"Bellamy Estate",,"02/10/99 00:00:00","02/10/99 00:00:00","DataEase","DataEase"
71,"Old Thornton Farm/Estate","Sept/October 1964 - Old Thornton Farm on the Estate was taken over by Nigel and Joan Hood.","02/10/99 00:00:00","02/10/99 00:00:00","DataEase","DataEase"
72,"Paunton Farm",,"02/10/99 00:00:00","02/10/99 00:00:00","DataEase","DataEase"
74,"The Manor",,"02/10/99 00:00:00","02/10/99 00:00:00","DataEase","DataEase"
79,"Blossom Hill Cottage","Thatched. Central heating (put in by Peggy). French windows. Attic. Garden. Thick walls. Great view of the Hasset Hill from the back bed- room. There are raspberry canes in the back garden. Front garden gate painted with black enamel. Hydrangea bush. the sitting room which is at the front of the house.
Porch and pokey hallway. Good locks","02/10/99 00:00:00","01/27/10 12:04:43","DataEase","fishec50"
80,"Hollerton","Land that was let in eary 1996 went for £120 an acre. Hollerton Junction is the local train station, it's a very pretty run from Birmingham. 6 miles from Ambridge","02/10/99 00:00:00","02/10/99 00:00:00","DataEase","DataEase"
83,"Nightingale Farm","Outside the village on the Felphersham Rd. Bought by Marjorie in 1985 she had the the whole buliding restored and the outbulidings converted into kennels for her dogs. The house is set well back from the road with half a acre of land. Marjorie lives in a muddle.
Nightingale Farm
The house was once used as an Art and Craft centre with a self contained flat it was converted back into home - but still with separate flat in 1985.

 In 2003 the house was sold to a property developer who completely restored it - to a high standard - and the flat was reabsorbed into the house","02/10/99 00:00:00","04/01/09 12:38:23","DataEase","fishec50"
84,"Grange Farm","6 bedrooms 2 bathrooms parlour kitchen scullery large cellars
Banky field is quite a distance from the farm house. 120acres rented from the estate. Joe's bedroom is at the front of the house.
From November 2000 the farm was sold to Oliver Stirling with 50 acres of land - the remaining land become part of the estate.","02/10/99 00:00:00","01/27/10 13:00:47","DataEase","fishec50"
85,"Hill Farm","Small pig unit. Aga. Just over 90 acres 60 milkers Geoff Travis runs the farm single handed","02/10/99 00:00:00","02/10/99 00:00:00","DataEase","DataEase"
86,"1 The Green","Home to Susan and Neil Carter - The Green Council Housing: All 12 houses are basically the same living room, small kitchen, bathroom, 2 or 3 bedrooms. The living rooms are about 24 square feet with a chimney breast that gets in the way, and porch to the front door. They are all semi-detached.
Before they moved in in ‘84, Neil and Susan had the house redecorated because it was in a very bad state: Their bedroom has white walls with blue flowers and blue curtains with white flowers.  The kitchen is white and there is an oatmeal carpet in the living room. They have a new front door.","02/10/99 00:00:00","04/07/08 14:43:17","DataEase","fishec50"
89,"Estate Office","Sawyers Farm..Computer/Printer..Blinds at the window. Filing Cabinet. Main office where Shula and another sit, posher smaller one off 1997 small office called ""Mr Ryder's office""","02/10/99 00:00:00","02/10/99 00:00:00","DataEase","DataEase"
90,"The Laurels","Nursing home between Ambridge and Penny Hassett only about 2 miles from Ambridge.  Looks very modern. Pru Forrest has a room which has a picture window from which she can just see the outline of Lakey Hill. She has two chairs for visitors and a wash basin. Bus shelter outside, with a seat","02/10/99 00:00:00","07/20/05 11:26:09","DataEase","fishec50"
91,"Ambridge Farm","The doctor's surgery is in the converted outbuildings. Small reception area. not enough parking. Fax.","02/10/99 00:00:00","02/10/99 00:00:00","DataEase","DataEase"
96,"Heydon Berrow","From the Berrow you can see the Lickeys and the Malverns on a good day you can see the Brecon Beacons. There are earthworks.","02/10/99 00:00:00","02/10/99 00:00:00","DataEase","DataEase"
97,"Hollowtree","Brookfield pig unit. May '96 At any one time they can have about 600 pigs Harry Roberts is Pigman. 98 Harry has now left. The Sow stalls have been removed.","02/10/99 00:00:00","02/10/99 00:00:00","DataEase","DataEase"
104,"2 Home Farm Cottages","The fire smokes. The bathroom and loo are in an extension at the back There is a telephone. No central heating.","02/10/99 00:00:00","02/10/99 00:00:00","DataEase","DataEase"
105,"Village Shop (and flat)","General store with Post office. The P.O section is separate from the rest of the counter. Birthday cards are kept on a stand Super market baskets. There is a public notice board. Burglar Alarm. Self-service. Closes at 7pm week days and early on a Sunday.

See Community Shop storyline","02/10/99 00:00:00","06/08/12 11:07:48","DataEase","fishec50"
106,"Steve Manson's House","Has an Aga. It is practically unfurnished","02/10/99 00:00:00","02/10/99 00:00:00","DataEase","DataEase"
107,"Brookfield Bungalow","Single storey. Concrete floors. Built in 1990 the sitting room is 18ft 3"" long.They have smoke alarms. The decor is emulsioned wood chip no pictures. Views over the Am.

Built in 1990 
River views (very close). The building can only be reached  by going through Brookfield’s yard. Three bedrooms, bathroom.  The living room is 18 feet long. Narrow hall. Fitted carpets throughout.  eat in kitchen.  They have smoke alarms fitted.
Outside there is a small Horse Chestnut, donated by Tom  who gave them a second  tree on the birth of Pip. The garden is not well kept. Sheep have been put in the near field just after lambing.","02/10/99 00:00:00","10/01/08 14:42:22","DataEase","fishec50"
110,"Woodside Farm","230 acres","02/10/99 00:00:00","02/10/99 00:00:00","DataEase","DataEase"
111,"Giovanni",,"02/10/99 00:00:00","02/10/99 00:00:00","DataEase","DataEase"
112,"Nelson's Cafe Bar","28.11.96: Re-decorated light and airy, walls off white (blue) with elegant stencilling. Wine Bar renamed the Cafe Bar opened on New Years Eve 1996","02/10/99 00:00:00","02/10/99 00:00:00","DataEase","DataEase"
113,"Nelson's Antique Shop",,"02/10/99 00:00:00","02/10/99 00:00:00","DataEase","DataEase"
114,"Ambridge Cricket Ground","Brand new showers in the pavilion (20.7.94) There is a garage in which they keep bits and bobs including the sit on mower","02/10/99 00:00:00","02/10/99 00:00:00","DataEase","DataEase"
118,"The Feathers","Pub in Borchester: Knaves Bar: Elizabeth loves going there -many years ago","02/10/99 00:00:00","02/29/12 14:53:42","DataEase","fishec50"
122,"11 Glebelands",,"02/10/99 00:00:00","02/10/99 00:00:00","DataEase","DataEase"
125,"Village Green",,"02/10/99 00:00:00","02/10/99 00:00:00","DataEase","DataEase"
126,"Village Hall","Converted village school. Virginia creeper grows up the side. The Hall is owned by a charitable trust with the Parish Council as trustees. Administration is carried out by a management committee of 12 - 16 representatives 50% of whom are from the local groups using the hall - mothers and toddlers, wi, over 60s etc.","02/10/99 00:00:00","08/11/10 11:40:50","DataEase","fishec50"
127,"Darrington","They have a cricket team who come top of the league. Pub/restaurant The Plough and Harrow","02/10/99 00:00:00","02/10/99 00:00:00","DataEase","DataEase"
128,"Underwoods","They use yellow plastic bags. In Borchester. In 1991 there were six branches  of Underwoods around the county","02/10/99 00:00:00","06/08/05 17:24:38","DataEase","fishec50"
129,"Netherbourne Hall","There is planty of light from the big windows in the main dining room","02/10/99 00:00:00","02/10/99 00:00:00","DataEase","DataEase"
130,"The Cat and Fiddle - Flats","A pub off the Hollerton Rd. Wide screen TV Pool tables Juke box Happy hours. Grange Farm is halfway between the two pubs.
2005 converted into beautiful modern apartments with original features, windows, staircase, cornices, dado rails, all lovingly refurbished.","02/10/99 00:00:00","11/07/12 12:24:13","DataEase","fishec50"
131,"Bridge Farm Shop",,"02/10/99 00:00:00","02/14/02 10:38:07","DataEase","fishec50"
132,"Country Park","In 2006 the Country Park was sold separately from the hotel.  It is now owned by Borchester Land","02/10/99 00:00:00","04/13/06 14:39:10","DataEase","fishec50"
133,"Lakey Hill",,"02/10/99 00:00:00","02/10/99 00:00:00","DataEase","DataEase"
134,"Edgeley","Pub..""The Fox""","02/10/99 00:00:00","02/10/99 00:00:00","DataEase","DataEase"
136,"Estate Land","1,020 acres owned by Guy Pemberton and managed by his son Simon, of which 260 acres is let (Bridge Farm 140, Grange Farm120) leaving 760 acres in hand. Of this 110 is woodland and 80 acres in permanent grass (let to Brian Aldridge) 570 acres farmed by P Archer & Son.
soils at Home farm and the Estate are quite heavy, with parts that are heavy clay.","02/10/99 00:00:00","11/16/11 10:10:32","DataEase","fishec50"
137,"Vetinary Surgery","The Vetinary Surgery where Robin Stokes works is in Borchester. Robin does a surgery there, the senior partner is called Alistair, there is also a John and and Sally.","02/10/99 00:00:00","02/10/99 00:00:00","DataEase","DataEase"
138,"Protest Camp","In 1997 the Borchester By Pass was due to be widened. This ment cutting down some woodland.  The village was split some for and some against. Kate and her friends set up a protest camp in the wood land. They build tree houses and dug tunnels.","02/10/99 00:00:00","02/10/99 00:00:00","DataEase","DataEase"
139,"Manor Court",,"02/10/99 00:00:00","02/10/99 00:00:00","DataEase","DataEase"
140,"Police House",,"02/10/99 00:00:00","10/23/01 12:32:03","DataEase","fishec50"
141,"April Cottage","A pair of semi-detached  cottages built in 1960 by Charles Grenville. Opposite Ambridge Hall close to Home and Willow Farms. Were owned by the Estate and now by Jack Woolley. Tom and Pru were the first people to live in Keeper’s Cottage. 
Two Bedrooms (after her illness Pru was unable to manage the stairs). 
Both cottages have a small hall, living room (to one side of the hall), and kitchen at the end of the hall the staircase is visible from the from door. Both have neat, well kept gardens.
April Cottage is the mirror of  Keeper’s.
Tom and Pru / Len and Mary Thomas move into the new cottages on 12.5.1960.
April Cottage Penny Hassett Road, Ambridge","02/10/99 00:00:00","10/22/03 11:09:10","DataEase","fishec50"
142,"Ambridge","Population about 600 in 1996. In the river Am there are Brown Trout (replaced by Phil in 1989)  ""higher up"" 6 miles South from Borchester and 17 miles West of Felpersham.","02/10/99 00:00:00","04/11/00 12:22:12","DataEase","fishec50"
143,"Arkwright Hall and lake","1999 Jack has agreed a lease of 125 years charging a peppercorn rent.","02/10/99 00:00:00","04/01/10 12:03:44","DataEase","fishec50"
144,"Meadow Farm","170 acres Bert Gibbs is the owner.","02/10/99 00:00:00","12/03/08 11:54:24","DataEase","fishec50"
147,"Elder Cottage","One of those little places near the church.","02/10/99 00:00:00","02/10/99 00:00:00","DataEase","DataEase"
148,"Dan Archer Playground","Next to the Village Hall","02/10/99 00:00:00","02/10/99 00:00:00","DataEase","DataEase"
149,"Jefferson Crabtree","Usha's Office in Felpersham.","02/10/99 00:00:00","02/10/99 00:00:00","DataEase","DataEase"
150,"Meyruelle",,"02/10/99 00:00:00","02/10/99 00:00:00","DataEase","DataEase"
151,"Valley Farm",,"02/10/99 00:00:00","02/10/99 00:00:00","DataEase","DataEase"
152,"Rodway And Watson","Shula started work for them on 13.12.76 and left on 8.4.97. Estate and Land agents in Borchester. Graham Ryder works there.","02/10/99 00:00:00","02/10/99 00:00:00","DataEase","DataEase"
153,"Borchester Crown Court",,"02/10/99 00:00:00","02/10/99 00:00:00","DataEase","DataEase"
154,"Sawyer's Farm","The Estate office","02/10/99 00:00:00","02/10/99 00:00:00","DataEase","DataEase"
155,"Mont Blac Restaurant",,"02/10/99 00:00:00","02/10/99 00:00:00","DataEase","DataEase"
156,"Borchester Green School","August 1990 - This school is the amalgamted schools of Borchester Free and Worcester Rd.","03/19/99 16:47:08","11/01/10 14:19:24","fishec50","fishec50"
157,"River Am","There are Alder trees beside the river","03/29/99 15:32:29","08/24/04 12:30:35","fishec50","fishec50"
158,"Borchester Police Station",,"04/14/99 13:08:27","04/14/99 13:08:28","fishec50","fishec50"
159,"Felpersham Race course",,"04/14/99 13:19:01","04/14/99 13:19:01","fishec50","fishec50"
160,"Hebden and Gupta",,"04/14/99 13:23:59","04/14/99 13:23:59","fishec50","fishec50"
161,"Market Garden",,"04/14/99 13:29:40","04/14/99 13:29:40","fishec50","fishec50"
162,"Leader's Wood","Leader's is one of the most ancient woodlands in Borsetshire.","04/26/99 16:24:58","05/12/99 12:45:19","fishec50","fishec50"
163,"Old Court Farm",,"05/04/99 10:47:40","05/04/99 10:48:18","fishec50","fishec50"
164,"Borchester - The Old Woolmarket flats","In the shared garden there is some topiary which looks a bit like a mongoose.","06/16/99 15:16:22","06/07/00 17:03:32","fishec50","fishec50"
166,"Redgate Manor","Burnt down in 1984","07/06/99 11:01:20","07/06/99 11:01:55","fishec50","fishec50"
167,"Atherton Lodge","All bedrooms have en suite facilities. Indoor pool, fully equipped gym and leisure centre. All at a cut-throat rate. Their clients can go rom their conferance to the bar and then to their rooms with digital TVs and air conditioning.","09/08/99 10:23:30","09/08/99 11:06:37","fishec50","fishec50"
168,"Heybury",,"03/20/00 10:50:53","03/20/00 10:50:53","fishec50","fishec50"
169,"Chestnuts","Wayne and Jolene have been given a starter home on the estate.
They have central heating.","03/22/00 14:31:42","03/22/00 14:31:42","fishec50","fishec50"
170,"Meadow Rise","Sebastopol Road on the fifth floor, it’s noisy and dirty the flat is very small with only two bedrooms. The view is good but of the next block of flats and if you stand on the balcony and crane your head to the left you could just see Haydon Berrow. There's a chip shop at the end of the road and a Chinese","05/23/00 16:07:50","07/13/06 16:13:57","fishec50","fishec50"
171,"Wheeler's Lock","Joe calls it the Old Wheeler's Lock","06/07/00 16:58:12","06/07/00 16:59:14","fishec50","fishec50"
172,"Rose Cottage",,"06/12/00 14:20:30","06/12/00 14:20:31","fishec50","fishec50"
173,"Brampton Green","There is a historic farm near Brampton Green","07/14/00 16:40:27","07/14/00 16:40:28","fishec50","fishec50"
175,"Blackberry Line","Railway line which runs from Hollerton Junction to Upper Croft.  The line is used for Steam Trains and other specials including a Santa Special","09/28/00 10:19:15","09/28/00 10:23:11","fishec50","fishec50"
176,"Borchester Mills",,"02/01/01 15:54:49","02/01/01 15:54:50","fishec50","fishec50"
177,"Lartington","The pub is called The Parrot","03/16/01 14:37:06","03/16/01 14:42:56","fishec50","fishec50"
178,"Netherbourne",,"08/01/01 17:27:29","08/01/01 17:27:29","fishec50","fishec50"
179,"Daphne’s café","Café in Borchester with a flat upstairs
Gone","04/11/03 14:33:13","01/27/10 12:50:16","fishec50","fishec50"
180,"Grange Spinney","The new housing estate built in 2003 by Borchester Land on what use to be Grange Farm land - 12 big houses and 6 starter homes opposite Ambridge Farm down by Grange Farm. You can see the church from some of the back gardens.","06/18/03 14:41:19","08/04/10 13:51:16","fishec50","fishec50"
181,"Jaxx Café Bar","The café in Oriel Road, Borchester owned by Jack Woolley - Kenton Archer is the manager and Emma Carter his assistant.","06/20/03 12:04:34","10/08/10 17:02:44","fishec50","fishec50"
182,"Bank Farm",,"09/19/03 15:54:54","09/19/03 15:54:54","fishec50","fishec50"
183,"Websterbridge",,"10/21/03 17:26:43","10/21/03 17:27:04","fishec50","fishec50"
185,"Black Pike Pub","The landlord keeps a very good cellar.  It's ggod for real Ale","04/25/05 15:15:23","04/25/05 15:15:23","fishec50","fishec50"
186,"Ambridge View","Neil and Susan's self build home moved in in 2005 : 
Ambridge View; four-bedroom house an ensuite bathroom, downstairs loo with a separate cloakroom, a utility room off the kitchen,  patio doors from the dinning room out onto some decking. They have a lovely view of the village, you can see Lakey Hill from the master bedroom.","05/27/05 12:07:22","01/27/10 11:44:36","fishec50","fishec50"
187,"Hazlehurst",,"10/24/05 15:14:42","10/24/05 15:14:42","fishec50","fishec50"
188,"3 The Green","3 bedrooms","10/24/05 16:34:37","08/17/11 15:07:31","fishec50","fishec50"
189,"Matcham",,"10/31/05 17:01:43","10/31/05 17:01:43","fishec50","fishec50"
190,"Wainwright's Garage",,"11/09/05 15:15:56","11/09/05 15:15:56","fishec50","fishec50"
191,"Barn conversions",,"11/22/05 12:59:31","11/22/05 12:59:31","fishec50","fishec50"
192,"Millennium Wood","On Home Farm Land","12/06/05 14:58:14","12/06/05 14:58:14","fishec50","fishec50"
193,"Golf club","In Mach 2006 the golf course was sold separately from the rest of the hotel.  It is now owned by Borchester Land:
So Borchester Land own The Country park and The Golf course.","04/13/06 14:17:52","08/29/13 12:24:56","fishec50","fishec50"
194,"Sundial house","Special Needs School in Penny Hassett.","11/20/06 15:00:35","11/20/06 16:02:17","fishec50","fishec50"
195,"Overton Farm",,"01/10/07 10:39:09","01/10/07 10:39:09","fishec50","fishec50"
196,"Faircastle",,"04/25/07 10:57:09","04/25/07 10:57:09","fishec50","fishec50"
197,"Lakey Green",,"12/11/07 14:45:00","12/11/07 14:45:00","fishec50","fishec50"
198,"Francester",,"04/14/08 17:08:36","04/14/08 17:08:36","fishec50","fishec50"
199,"Red House Farm","Part of the estate","05/01/08 15:58:02","05/01/08 15:58:02","fishec50","fishec50"
200,"Loxley Norton",,"12/02/08 10:39:06","12/02/08 10:39:06","fishec50","fishec50"
201,"Willow Cottage","Mike's half of Willow Farm  two bedrooms  one reception a small hallway and a dining kitchen a downstairs toilet and a new bathroom upstairs.","03/26/09 16:49:28","08/14/12 16:39:33","fishec50","fishec50"
202,"The Elms","Homeless persons hostel in Borchester - see Christmas stroylines","03/31/09 14:57:04","03/31/09 14:57:53","fishec50","fishec50"
203,"Elbury",,"06/01/09 15:43:20","06/01/09 15:43:20","fishec50","fishec50"
204,"Farndale",,"09/04/09 12:07:11","09/04/09 12:07:15","fishec50","fishec50"
205,"Comberley",,"10/05/09 14:52:41","10/05/09 14:52:41","fishec50","fishec50"
206,"Galton",,"01/13/10 13:04:05","01/13/10 13:04:05","fishec50","fishec50"
207,"Greenacres","The new bungalow on the sight of the old police house. The police house was burnt down.
Architecturally it isn't a gem more utilitarian - perfectly inoffensive. 
Next door to the shop and a short stroll to The Bull.
The garden is less than a quarter of an acre. Three bedrooms","03/03/10 16:33:54","03/19/10 10:47:35","fishec50","fishec50"
208,"Fawcett Magna","Village near Ambridge where Mike and Jazzer deliver milk.","03/09/10 15:13:31","03/09/10 15:14:13","fishec50","fishec50"
209,"Downham","Village near Ambridge where Mike and Jazzer deliver milk.","03/09/10 15:14:44","03/09/10 15:14:44","fishec50","fishec50"
210,"Lower Pendon",,"04/01/10 11:58:42","04/01/10 11:58:42","fishec50","fishec50"
211,"Hillside houses","The Hillside houses are on the road out to Lower Loxley, on the other side of Lakey Hill.  They're right by the road with no front gardens to speak of. The view of Lakey Hill isn't bad but there are large trees that makes them feel dark and damp","09/01/10 16:25:28","09/01/10 16:35:38","fishec50","fishec50"
212,"Perivale",,"09/27/10 15:00:03","09/27/10 15:00:06","fishec50","fishec50"
213,"Crudley",,"01/11/11 17:17:28","01/11/11 17:17:28","fishec50","fishec50"
214,"Ivy Cottage",,"03/24/11 12:47:10","03/24/11 12:47:10","fishec50","fishec50"
216,"St Johns Parva",,"04/19/11 10:55:45","04/19/11 10:55:45","fishec50","fishec50"
217,"Feldwich",,"05/05/11 12:53:36","05/05/11 12:53:36","fishec50","fishec50"
218,"Beckwell",,"08/11/11 15:12:18","08/11/11 15:12:18","fishec50","fishec50"
219,"Elmfield",,"08/11/11 15:15:26","08/11/11 15:15:27","fishec50","fishec50"
220,"Weston Farm",,"08/17/11 12:40:12","08/17/11 12:40:14","fishec50","fishec50"
221,"Lower Hinton",,"09/07/11 11:40:43","09/07/11 11:40:43","fishec50","fishec50"
222,"Greenbury",,"10/13/11 16:40:23","10/13/11 16:40:23","fishec50","fishec50"
223,"Westbury",,"11/04/11 10:10:29","11/04/11 10:10:29","fishec50","fishec50"
224,"Borchester Market","New development opened in 2011","11/30/11 15:02:19","11/30/11 15:02:19","fishec50","fishec50"
225,"Paxley",,"12/06/11 12:26:34","12/06/11 12:27:13","fishec50","fishec50"
226,"Wimberton",,"12/06/11 12:28:04","12/06/11 12:28:31","fishec50","fishec50"
227,"Green Burial Ground","On Home Farm land - a strip of land near Milennium Wood. Run by Jim as clerk to the parish council Mike is the manager (paid).  Mike has to keep an eye on the site and meet and greet the bereaved. Jim is his boss. Eddie is the grave digger again paid.","02/13/12 12:12:46","02/13/12 12:21:20","fishec50","fishec50"
228,"Felpersham Cathedral",,"05/14/12 14:29:59","05/14/12 14:29:59","fishec50","fishec50"
230,"8 Glebelands",,"06/15/12 17:32:07","06/15/12 17:32:12","fishec50","fishec50"
231,"Melville, Johannesburg","Kate and Lucas - with Phoebe until September 2012","06/19/12 17:03:45","06/19/12 17:03:45","smitha49","smitha49"
232,"Melville, Johannesburg - Kate and Lucas's home","South Africa","06/19/12 17:19:39","06/19/12 17:19:39","smitha49","smitha49"
234,"Café in Melville, Johannesburg",,"08/24/12 11:47:55","08/24/12 11:47:55","SmithA49","SmithA49"
235,"Madikane Hime, Melville",,"08/24/12 11:48:18","08/24/12 11:48:18","SmithA49","SmithA49"
236,"Jubilee Field",,"09/13/12 16:15:20","09/13/12 16:15:20","fishec50","fishec50"
237,"Bearfield Manor",,"10/09/12 11:11:24","10/09/12 11:11:24","fishec50","fishec50"
238,"New Zealand",,"10/14/12 15:35:28","10/14/12 15:35:28","smitha49","smitha49"
241,"Liverpool",,"11/23/12 13:12:05","11/23/12 13:12:05","smitha49","smitha49"
242,"Gilbert's Cross",,"02/11/13 11:35:27","02/11/13 11:35:27","fishec50","fishec50"
243,"Loxton",,"04/02/13 16:46:11","04/02/13 16:46:11","fishec50","fishec50"
244,"Istanbul",,"05/24/13 15:58:29","05/24/13 15:58:31","smitha49","smitha49"
245,"Montenegro",,"06/18/13 15:05:35","06/18/13 15:05:39","SmithA49","SmithA49"
246,"St Petersburg",,"06/18/13 15:06:04","06/18/13 15:06:04","SmithA49","SmithA49"
247,"Shelly Magna",,"06/18/13 15:40:55","06/18/13 15:40:55","fishec50","fishec50"
252,"Forge",,"12/05/13 11:29:53","12/05/13 11:29:53","fishec50","fishec50"
184,"Greenwood Cottage - nee Casa Nueva","The gamekeeper's cottage on Home Farm land.  Very isolated -  small lounge. The kitchen has spotlights and new doors on the cupboards 2004. hand carved sign that says ‘Casa Nueva’ George carved the sign and Christopher forged the chain. 2 bedrooms + small box room. Nice big back garden. Gate into front garden
Before it was ""Casa Nueva"" it was Sammy Whipple's Cottage","12/13/04 12:00:25","01/20/12 16:55:54","fishec50","fishec50"
174,"Ambridge Organics Shop","Pat and Tony's organic farm shop in Borchester","08/04/00 15:41:48","02/13/12 16:00:47","fishec50","fishec50"
37,"6 The Green","Small over crowed. 3 bed house","02/10/99 00:00:00","05/24/12 15:06:58","DataEase","fishec50"
146,"Business Units at Sawyer's Farm","At Sawyer's Farm the buildings converted into business units in 1995. with parking and landscaping. There is a barrier at the entrance. the old Dutch Barn was taken down. Alistair the vet had 2 knocked together.","02/10/99 00:00:00","08/24/12 15:08:57","DataEase","fishec50"
239,"Cathedral school","In Felpersham
Daniel, Freddie and Lily attend","10/22/12 17:13:51","10/22/12 17:21:06","fishec50","fishec50"
240,"Borchester College","FE  and Sixth Form College","10/23/12 11:02:14","10/23/12 11:21:41","fishec50","fishec50"
100,"St. Stephens","Ambridge church.1976 bells re hung for New year. There is a rail in front of the altar. Number 3 bell is fairly light. Church Brasses Cupboard in vestry. There is a public toilet. There are Yew Trees in the church yard.

The lectern and the Bishop’s chair in the church were made in 2004; they are of a modern design.

Flag pole on the tower","02/10/99 00:00:00","03/21/13 13:09:04","DataEase","fishec50"
248,"Community Orchard - Grange Farm",,"08/07/13 15:09:16","08/07/13 15:09:25","fishec50","fishec50"
249,"Berrow Farm"," A huge agro-industrial complex. New buildings on the estate. The workers are housed at Vally Farm this is the site of the mega diary and AD unit","10/22/13 14:49:29","10/22/13 15:56:26","fishec50","fishec50"
250,"Loxton Pools Bird Reserve","About 8 miles north of Borchester ""as the crow flies""","11/21/13 12:40:54","11/21/13 12:44:15","fishec50","fishec50"
251,"Grey Gables Health Club","pool, sauna, steam room, jacuzzi and treatments","11/27/13 11:16:08","11/27/13 11:18:45","fishec50","fishec50"
18,"Grey Gables Country House Hotel","24 bedrooms in house and 36 in annexe total of 60. The staff shifts are kept on a schedule. Take on extra staff in the summer months.Fax. There's a conference room called the Arkwright Room. You can bring your dog with you when you stay. Four star in January 1993","02/10/99 00:00:00","12/05/13 12:42:34","DataEase","fishec50"
